Name,MIN,MIN Per Game,Point,Rebound,Assist,Steal,FG%,3P%,FT%,Age,Pos
AJ Price,324,12.46153846,133,32,46,7,37.2,26.3,66.7,29,PG
Aaron Brooks,1885,22.98780488,954,166,261,54,42.1,38.7,83.3,30,PG
Aaron Gordon,797,16.95744681,243,169,33,21,44.7,27.1,72.1,20,PF
Adreian Payne,740,23.125,213,162,30,19,41.4,11.1,65.2,24,PF
Al Horford,2318,30.5,1156,544,244,68,53.8,30.6,75.9,29,C
Al Jefferson,1992,30.64615385,1082,548,113,47,48.1,40,65.5,30,C
Alan Anderson,1744,23.56756757,545,204,83,56,44.3,34.8,81.2,33,SG
Alec Burks,899,33.2962963,374,114,82,17,40.3,38.2,82.2,24,SG
Alex Kirk,14,2.8,4,1,1,0,25,0,100,24,C
Alex Len,1518,22,432,454,32,34,50.7,33.3,70.2,22,C
Alexey Shved,767,18.26190476,434,99,106,30,39.7,33.8,80.7,27,SG
Alexis Ajinca,957,14.07352941,443,315,47,21,55,0,81.8,27,C
Al-Farouq Aminu,1366,18.45945946,412,342,59,70,41.2,27.4,71.2,25,SF
Allen Crabbe,683,13.39215686,168,73,39,19,41.2,35.3,75,23,SG
Alonzo Gee,661,12.24074074,241,94,25,35,46.8,37.1,70.1,28,SF
Amar'e Stoudemire,1244,21.08474576,680,329,45,29,55.7,0,72,,
Amir Johnson,1979,26.38666667,694,456,117,44,57.4,41.3,61.2,28,PF
Anderson Varejao,636,24.46153846,255,170,35,19,55.5,0,73.3,,
Andre Dawkins,22,5.5,3,2,1,0,16.7,16.7,0,24,SG
Andre Drummond,2502,30.51219512,1130,1104,55,73,51.4,0,38.9,22,C
Andre Iguodala,2069,26.87012987,604,257,228,89,46.6,34.9,59.6,31,SF
Andre Miller,1253,15.4691358,355,153,284,32,50,20.6,75.3,39,PG
Andre Roberson,1286,19.19402985,228,255,70,53,45.8,24.7,47.9,24,SG
Andrea Bargnani,785,27.06896552,430,127,46,2,45.4,36.6,81.3,30,C
Andrei Kirilenko,36,5.142857143,3,8,1,1,0,0,75,34,SF
Andrew Bogut,1583,23.62686567,422,543,180,39,56.3,0,52.4,31,C
Andrew Nicholson,492,12.3,194,82,22,6,43.7,31.7,60,26,PF
Andrew Wiggins,2969,36.20731707,1387,374,170,86,43.7,31,76,,
Anthony Bennett,894,15.68421053,298,216,48,27,42.1,30.4,64.1,22,PF
Anthony Davis,2455,36.10294118,1656,696,149,100,53.5,8.3,80.5,22,PF
Anthony Morrow,1806,24.40540541,790,195,60,54,46.3,43.4,88.8,30,SG
Anthony Tolliver,1433,18.85526316,482,236,59,24,41,36.6,78.3,,
Archie Goodwin,535,13.04878049,231,74,44,18,39.3,29.3,73.5,21,SG
Arinze Onuaku,68,11.33333333,27,21,4,1,85.7,0,37.5,28,C
Aron Baynes,1122,16.02857143,461,318,35,16,56.6,25,86.5,29,C
Arron Afflalo,2502,32.07692308,1035,247,129,41,42.4,35.4,84.3,30,SG
Austin Daye,344,10.11764706,129,75,17,12,35.5,33.8,83.3,27,SF
Austin Rivers,1563,20.56578947,530,152,155,48,40.9,29.8,67.5,23,SG
Avery Bradley,2428,31.53246753,1071,241,135,82,42.8,35.2,79,25,SG
Ben Gordon,790,14.10714286,349,63,50,14,43.7,36.1,83.6,32,SG
Ben McLemore,2670,32.56097561,996,241,140,77,43.7,35.8,81.3,22,SG
Beno Udrih,1494,18.91139241,605,143,220,46,48.7,26.8,85.3,,
Bernard James,158,9.875,44,39,4,2,44.4,0,87,30,C
Bismack Biyombo,1243,19.421875,304,407,16,18,54.3,0,58.3,23,C
Blake Griffin,2356,35.1641791,1469,508,354,63,50.2,40,72.8,26,PF
Bojan Bogdanovic,1854,23.76923077,700,213,68,34,45.3,35.5,82.1,26,SF
Boris Diaw,1984,24.49382716,708,348,233,36,46,32,77.4,33,PF
Bradley Beal,2107,33.44444444,962,241,194,76,42.7,40.9,78.3,22,SG
Brandan Wright,1449,19.32,544,321,41,50,64.2,0,69.6,,
Brandon Bass,1929,23.52439024,866,398,104,41,50.4,28.1,79,30,PF
Brandon Davies,423,15.66666667,142,83,30,18,40.1,23.5,64.9,24,PF
Brandon Jennings,1173,28.6097561,632,104,272,44,40.1,36,83.9,26,PG
Brandon Knight,2035,32.3015873,1070,244,330,90,42.2,38.9,87.4,24,SG
Brandon Rush,271,8.212121212,30,41,12,5,20.4,11.1,45.5,30,SG
Brendan Haywood,119,5.409090909,35,29,2,2,46.7,0,53.8,36,C
Brian Roberts,1330,18.47222222,480,109,162,33,38.9,32.1,89.2,30,PG
Brook Lopez,2100,29.16666667,1236,535,50,43,51.3,10,81.4,27,C
Bruno Caboclo,23,2.875,10,2,0,0,33.3,66.7,0,20,SF
Bryce Cotton,159,10.6,80,18,15,4,42,35,83.3,23,PG
C.J. Watson,1422,24.94736842,570,163,208,57,43.4,40,82.6,31,PG
Cameron Bairstow,64,3.555555556,10,8,1,2,21.4,0,80,25,PF
Carl Landry,1192,17.02857143,503,268,26,15,51.5,0,82,32,PF
Carlos Boozer,1692,23.83098592,836,482,95,41,49.9,0,62.7,34,PF
Carmelo Anthony,1428,35.7,966,264,122,40,44.4,34.1,79.7,31,SF
Caron Butler,1623,20.80769231,460,196,79,43,40.7,37.9,90.2,35,SF
Cartier Martin,198,8.608695652,36,20,11,3,28.3,18.2,0,31,SF
Chandler Parsons,2186,33.12121212,1037,323,161,69,46.2,38,72,27,SF
Channing Frye,1870,24.93333333,549,293,94,47,39.2,39.3,88.6,32,PF
Charlie Villanueva,678,10.59375,403,149,19,15,41.4,37.6,57.1,,
Chase Budinger,1286,19.19402985,457,198,64,44,43.3,36.4,82.7,27,SF
Chris Andersen,1132,18.86666667,320,299,43,26,58,30.8,66.7,37,C
Chris Bosh,1556,35.36363636,928,310,95,41,46,37.5,77.2,31,C
Chris Copeland,828,16.56,309,111,51,11,36.1,31.1,73.3,31,SF
Chris Douglas-Roberts,103,8.583333333,19,12,4,1,23.8,14.3,100,28,SG
Chris Johnson,527,18.17241379,166,55,15,26,40.3,29.5,87.5,25,SF
Chris Kaman,1398,18.89189189,638,484,65,18,51.5,0,70.6,33,C
Chris Paul,2857,34.84146341,1564,376,838,156,48.5,39.8,90,30,PG
Chuck Hayes,255,8.793103448,50,51,20,10,47.8,0,54.5,32,C
CJ McCollum,973,15.69354839,424,91,64,43,43.6,39.6,69.9,24,SG
CJ Miles,1841,26.3,942,214,75,60,39.8,34.5,80.7,28,SG
CJ Wilcox,101,4.80952381,41,7,8,3,42.1,36.8,100,,
Cleanthony Early,647,16.58974359,210,97,36,24,35.5,26.2,75,24,SF
Clint Capela,90,7.5,32,36,2,1,48.3,0,17.4,21,C
Cody Zeller,1487,23.98387097,472,362,100,34,46.1,100,77.4,,
Cole Aldrich,976,16,338,338,75,37,47.8,0,78.1,27,C
Corey Brewer,2087,26.0875,917,297,173,114,42.6,26.8,74.3,29,SF
Cory Jefferson,531,10.62,183,145,16,10,44.9,13.3,57.4,25,PF
Cory Joseph,1444,18.27848101,535,192,188,46,50.4,36.4,73.4,24,PG
Courtney Lee,2354,30.57142857,777,178,151,75,44.8,40.2,86,30,SG
D.J. Augustin,1964,23.95121951,777,161,353,49,39.9,33.7,86.8,28,PG
Dahntay Jones,123,3.727272727,21,11,2,3,28.6,0,81.8,35,SF
Damian Lillard,2925,35.67073171,1720,378,507,97,43.4,34.3,86.4,25,PG
Damjan Rudez,1047,15.39705882,323,47,53,16,45.2,40.6,69.6,29,SF
Danilo Gallinari,1426,24.16949153,734,218,83,47,40.1,35.5,89.5,27,SF
Danny Granger,613,20.43333333,188,80,17,13,40.1,35.7,75.7,32,SF
Danny Green,2312,28.54320988,946,343,158,101,43.6,41.8,87.4,28,SG
Dante Cunningham,1652,25.03030303,340,256,50,46,45.7,10,61.7,28,PF
Dante Exum,1817,22.15853659,393,131,198,41,34.9,31.4,62.5,20,PG
Darius Miller,43,8.6,2,1,2,1,14.3,0,0,25,SF
Darius Morris,299,7.868421053,83,27,48,9,34,21.2,44.4,24,PG
Darrell Arthur,988,17.03448276,382,171,57,48,40.4,23.6,78,27,PF
Darren Collison,1565,34.77777778,725,143,252,67,47.3,37.3,78.8,28,PG
David Lee,904,18.44897959,388,257,85,31,51.1,0,65.4,32,PF
David Stockton,33,11,8,2,9,2,33.3,50,50,24,PG
David Wear,7,3.5,0,2,1,0,0,0,0,,
David West,1895,28.71212121,769,449,223,48,47.1,20,73.9,35,PF
DeAndre Jordan,2820,34.3902439,946,1226,61,81,71,25,39.7,27,C
DeJuan Blair,180,6.206896552,56,56,3,7,45.6,0,66.7,26,PF
DeMar DeRozan,2100,35,1204,277,210,73,41.3,28.4,83.2,26,SG
DeMarcus Cousins,2013,34.11864407,1421,747,210,90,46.7,25,78.2,25,C
DeMarre Carroll,2189,31.27142857,883,372,118,94,48.7,39.5,70.2,29,SF
Dennis Schroder,1516,19.68831169,768,164,317,49,42.7,35.1,82.7,22,PG
Deron Williams,2114,31.08823529,884,237,448,64,38.7,36.7,83.4,,
Derrick Favors,2280,30.81081081,1187,607,112,60,52.5,16.7,66.9,24,PF
Derrick Rose,1530,30,904,161,251,36,40.5,28,81.3,27,PG
Derrick Williams,1462,19.75675676,617,202,50,34,44.7,31.4,68.4,,
Devin Harris,1685,22.17105263,665,135,237,78,41.8,35.7,81.5,32,PG
Devyn Marble,208,13,37,31,17,9,31.8,18.2,31.3,23,SG
Dewayne Dedmon,845,14.3220339,216,295,9,16,56.2,0,53.1,26,C
Dion Waiters,2208,27.6,940,192,163,90,39.6,29.7,68,,
Dirk Nowitzki,2282,29.63636364,1333,457,143,39,45.9,38,88.2,37,PF
Donald Sloan,1107,20.88679245,391,143,190,23,40.8,31.3,77.9,27,PG
Donatas Motiejunas,2037,28.69014085,855,421,130,56,50.4,36.8,60.2,25,PF
Dorell Wright,593,12.35416667,219,111,41,20,37.9,38,81,,
Doug McDermott,321,8.916666667,109,43,6,4,40.2,31.7,66.7,23,SF
Draymond Green,2490,31.51898734,921,647,291,123,44.3,33.7,66,25,PF
Drew Gooden,864,16.94117647,277,223,49,21,39.9,39,77.3,34,PF
Drew Gordon,71,7.888888889,17,18,2,1,42.1,0,50,25,PF
Dwight Buycks,123,20.5,52,12,14,3,45,63.6,90,26,PG
Dwight Howard,1223,29.82926829,646,431,50,28,59.3,50,52.8,30,C
Dwight Powell,236,8.137931034,90,50,9,9,46.3,27.3,75.8,24,PF
Dwyane Wade,1971,31.79032258,1331,219,299,73,47,28.4,76.8,,
Earl Barron,143,8.9375,32,28,5,4,30.8,50,50,34,C
Earl Clark,93,9.3,27,23,3,3,36.7,28.6,25,27,PF
Ed Davis,1840,23.29113924,656,600,94,49,60.1,0,48.7,26,PF
Ekpe Udoh,128,3.878787879,29,26,8,8,45.8,0,77.8,,
Elfrid Payton,2489,30.35365854,731,349,533,142,42.5,26.2,55.1,21,PG
Elijah Millsap,924,19.65957447,248,150,58,56,34,31.1,67.4,,
Elliot Williams,119,9.153846154,37,8,12,4,37.8,44.4,25,,
Elton Brand,486,13.5,96,100,22,17,44.2,0,52.2,36,C
Enes Kanter,2136,28.48,1163,671,55,36,51.9,35.6,78.2,23,C
Eric Bledsoe,2800,34.56790123,1377,423,493,127,44.7,32.4,80,26,PG
Eric Gordon,2018,33.08196721,818,159,229,50,41.1,44.8,80.5,27,SG
Erick Green,410,9.534883721,146,31,39,12,37.7,29.8,83.3,24,PG
Ersan Ilyasova,1319,22.74137931,669,277,56,36,47.2,38.9,64.5,28,PF
E'Twaun Moore,504,9,149,46,33,20,44.6,34.2,60,26,SG
Evan Fournier,1661,28.63793103,698,153,120,40,44,37.8,72.8,23,SG
Evan Turner,2260,27.56097561,779,417,449,83,42.9,27.7,75.2,26,C
Festus Ezeli,504,10.95652174,201,155,9,7,54.7,0,62.8,,
Francisco Garcia,200,14.28571429,45,17,15,9,27,22.2,25,34,SF
Furkan Aldemir,540,13.17073171,93,176,28,17,51.3,0,48.1,24,PF
Gal Mekel,43,10.75,6,1,13,2,15,0,0,27,PG
Garrett Temple,736,14.15384615,204,90,56,42,40,37.5,72.9,29,SG
Gary Harris,719,13.07272727,188,64,29,39,30.4,20.4,74.5,21,SG
Gary Neal,1192,22.07407407,543,129,100,23,37.4,30.5,86.7,31,SG
George Hill,1267,29.46511628,692,179,220,44,47.7,35.8,79,29,PG
Gerald Green,1446,19.54054054,884,186,91,42,41.6,35.4,82.5,29,SG
Gerald Henderson,2315,28.9375,969,273,206,51,43.7,33.1,84.8,28,SG
Gerald Wallace,286,8.9375,35,57,11,15,41.2,33.3,40,,
Giannis Antetokounmpo,2541,31.37037037,1030,542,207,73,49.1,15.9,74.1,21,SG
Gigi Datome,209,9.952380952,105,29,9,2,48.3,45,100,,
Glen Davis,904,12.21621622,294,169,39,41,45.9,0,63.2,29,PF
Glen Rice,43,8.6,11,4,2,0,20,14.3,66.7,24,SG
Glenn Robinson III,261,7.457142857,73,39,11,6,38.8,26.3,66.7,,
Goran Dragic,2640,33.84615385,1275,274,350,78,50.1,34.7,77.4,29,SG
Gordon Hayward,2618,34.44736842,1463,373,313,108,44.5,36.4,81.2,25,SF
Gorgui Dieng,2193,30.04109589,710,609,146,71,50.6,16.7,78.3,25,C
Grant Jerrett,51,6.375,16,9,3,2,26.9,6.7,100,22,PF
Greg Monroe,2137,30.97101449,1098,704,142,78,49.6,0,75,25,PF
Greg Smith,363,8.642857143,80,79,9,7,61.2,0,51.3,24,PF
Greg Stiemsma,66,3.882352941,14,15,3,2,75,0,50,30,C
Greivis Vasquez,1991,24.2804878,775,216,302,46,40.8,37.9,75.8,28,PG
Harrison Barnes,2318,28.26829268,827,453,116,61,48.2,40.5,72,23,SF
Hassan Whiteside,1142,23.79166667,564,482,6,27,62.8,0,50,,
Hedo Turkoglu,705,11.37096774,232,99,37,19,44.1,43.2,54.5,,
Henry Sims,1399,19.16438356,586,359,79,39,47.4,18.2,77.4,,
Henry Walker,628,26.16666667,175,82,29,24,34.5,34.1,77.8,,
Hollis Thompson,1776,25.01408451,626,198,85,57,41.3,40.1,70.8,,
Ian Clark,192,6.4,57,16,12,9,34.5,33.3,100,24,SG
Ian Mahinmi,1146,18.78688525,265,356,33,30,55.2,0,30.4,29,C
Iman Shumpert,1545,24.91935484,496,224,135,81,41,34.2,67.2,25,SG
Isaiah Canaan,938,19.95744681,432,87,98,29,38.6,37,81.7,24,PG
Isaiah Thomas,1726,25.76119403,1101,153,284,57,42.1,37.3,86.8,26,PG
Ish Smith,831,15.10909091,338,100,180,36,39,30,59.6,,
J.J. Barea,1362,17.68831169,580,134,263,33,42,32.3,80.9,31,PG
Jabari Brown,568,29.89473684,227,36,40,12,41.2,37.1,75.3,23,SG
Jabari Parker,738,29.52,308,138,42,31,49,25,69.7,,
Jack Cooley,87,5.4375,27,25,1,6,40.9,0,42.9,24,PF
Jae Crowder,1647,20.08536585,628,293,94,72,42,29.3,77.3,25,SF
JaKarr Sampson,1131,15.28378378,386,163,77,38,42.2,24.4,67,,
Jamaal Franklin,13,4.333333333,3,2,3,0,50,50,0,24,SG
Jamal Crawford,1703,26.609375,1010,124,158,59,39.6,32.7,90.1,35,SG
Jameer Nelson,1406,22.31746032,523,146,253,47,40.7,34.5,66.7,33,PG
James Ennis III,1051,16.9516129,312,176,48,25,40.9,32.6,84,25,SF
James Harden,2981,36.80246914,2217,459,565,154,44,37.5,86.8,26,SG
James Johnson,1370,19.57142857,554,257,95,54,58.9,21.6,65.7,28,PF
James Jones,669,11.73684211,250,62,24,13,36.8,36,84.8,35,SF
James Michael McAdoo,137,9.133333333,62,37,2,5,54.5,0,56,22,PF
James Young,332,10.70967742,105,42,13,8,35.3,25.8,55.2,,
JaMychal Green,164,6.833333333,62,45,4,5,57.4,0,80,25,PF
Jannero Pargo,73,8.111111111,41,3,8,0,42.9,40.9,100,36,PG
Jared Cunningham,89,4.684210526,35,9,10,3,36.4,30.8,53.8,24,SG
Jared Dudley,1717,23.84722222,518,220,130,72,46.8,38.5,71.6,30,SG
Jared Sullinger,1566,27,770,441,134,44,43.9,28.3,74.4,23,PF
Jarnell Stokes,126,6.631578947,57,34,4,5,56.8,0,53.6,,
Jarrett Jack,2241,28.0125,957,245,373,75,43.9,26.7,88.1,32,PG
Jason Maxiell,878,14.39344262,203,203,19,18,42.2,0,57.7,32,PF
Jason Richardson,416,21.89473684,172,66,38,13,34.8,32.3,77.3,34,SG
Jason Smith,1785,21.76829268,656,324,140,32,43.4,35.7,83,,
Jason Terry,1641,21.31168831,541,121,147,66,42.2,39,81.3,,
Jason Thompson,1991,24.58024691,491,530,85,33,47,0,62.2,,
JaVale McGee,256,11.13043478,106,61,3,2,53.2,0,66.7,27,C
Jeff Adrien,215,12.64705882,60,77,15,4,43.2,0,57.9,29,PF
Jeff Ayres,383,7.509803922,137,117,14,8,57.9,0,75,28,PF
Jeff Green,2455,31.47435897,1168,328,134,53,43,33.2,83.3,29,SF
Jeff Teague,2228,30.52054795,1162,184,513,125,46,34.3,86.2,27,PG
Jeff Withey,259,7,98,64,11,4,50,0,68,,
Jeffery Taylor,430,14.82758621,127,53,22,12,39.5,30.6,63.4,26,SF
Jerami Grant,1377,21.18461538,411,198,79,40,35.2,31.4,59.1,21,SF
Jerel McNeal,36,6,9,3,2,3,27.3,50,100,28,PG
Jeremy Evans,266,7,90,71,13,11,55.2,40,82.8,28,SF
Jeremy Lamb,633,13.46808511,295,107,44,21,41.6,34.2,89.1,23,SG
Jeremy Lin,1907,25.77027027,832,196,339,82,42.4,36.9,79.5,27,PG
Jerome Jordan,383,8.704545455,138,105,13,8,53.2,0,86.4,29,C
Jerrelle Benimon,3,1.5,0,3,0,0,0,0,0,24,PF
Jerryd Bayless,1717,22.2987013,598,211,233,59,42.6,30.8,88.3,27,PG
Jimmer Fredette,509,10.18,178,40,58,15,38,18.8,95.6,26,PG
Jimmy Butler,2513,38.66153846,1301,379,212,114,46.2,37.8,83.4,26,SG
JJ Hickson,1411,19.32876712,552,452,57,36,47.5,0,57.7,27,C
JJ Redick,2409,30.88461538,1277,167,137,39,47.7,43.7,90.1,31,SG
Joakim Noah,2049,30.58208955,485,646,312,48,44.5,0,60.3,30,C
Jodie Meeks,1462,24.36666667,663,104,79,59,41.6,34.9,90.6,28,SG
Joe Harris,493,9.666666667,136,41,26,7,40,36.9,60,24,SG
Joe Ingles,1673,21.17721519,396,175,182,72,41.5,35.6,75,28,SF
Joe Johnson,2791,34.8875,1154,384,292,59,43.5,35.9,80.1,34,SG
Joel Anthony,406,8.285714286,87,93,5,12,58.1,0,68.2,33,C
Joel Freeland,617,12.85416667,169,191,16,9,49,0,84,28,C
Joey Dorsey,854,12.37681159,184,279,25,40,55.2,0,28.9,32,PF
Joffrey Lauvergne,268,11.16666667,93,77,13,8,40.4,18.8,64.3,24,C
John Henson,1228,18.32835821,470,312,59,28,56.6,0,56.9,25,C
John Jenkins,297,12.375,135,39,13,10,49.5,40.4,84.2,24,SG
John Lucas III,272,12.95238095,98,16,60,8,40.4,31,100,33,PG
John Salmons,270,12.85714286,42,21,13,9,33.3,30.8,50,,
John Wall,2837,35.91139241,1387,366,792,138,44.5,30,78.5,,
Johnny O'Bryant III,368,10.82352941,100,64,17,5,36.7,0,44.4,22,PF
Jon Leuer,824,13.07936508,286,207,46,17,44.3,24.1,62.7,26,PF
Jonas Jerebko,1230,16.4,448,282,71,46,44.6,38.6,84.8,28,PF
Jonas Valanciunas,2096,26.2,963,693,39,33,57.2,0,78.6,23,C
Jordan Adams,248,8.266666667,94,28,16,16,40.7,40,60.9,21,SG
Jordan Clarkson,1476,25.01694915,703,191,206,51,44.8,31.4,82.9,23,PG
Jordan Farmar,529,14.69444444,167,42,67,20,38.6,36.1,90.9,29,PG
Jordan Hamilton,122,8.714285714,38,16,7,2,40,47.6,0,25,SF
Jordan Hill,1874,26.77142857,841,556,103,34,45.9,27.3,73.8,28,C
Jorge Gutierrez,174,8.7,53,25,22,6,53.7,0,69.2,27,PG
Jose Calderon,1270,30.23809524,382,124,198,31,41.5,41.5,90.6,34,PG
Josh McRoberts,296,17.41176471,72,45,33,12,52.8,42.1,61.5,28,PF
Josh Smith,2301,27.72289157,1027,530,277,87,41.9,31.6,49.8,,
JR Smith,2079,29.7,847,218,195,82,41.7,38.3,75,30,SG
Jrue Holiday,1303,32.575,592,135,274,63,44.6,37.8,85.5,25,PG
Julius Randle,14,14,2,0,0,0,33.3,0,0,21,PF
Justin Hamilton,713,17.3902439,219,134,36,27,47.8,32.3,83,25,C
Justin Holiday,657,11.13559322,254,73,48,40,38.7,32.1,82.2,26,SG
Jusuf Nurkic,1103,17.79032258,426,382,50,52,44.6,0,63.6,,
Kalin Lucas,6,6,0,0,0,1,0,0,0,26,PG
Kawhi Leonard,2033,31.765625,1057,461,161,148,47.9,34.9,80.2,24,SF
Kelly Olynyk,1424,22.25,656,303,109,64,47.5,34.9,68.4,24,C
Kemba Walker,2119,34.17741935,1075,220,318,89,38.5,30.4,82.7,25,PG
Kendall Marshall,417,14.89285714,118,28,86,21,45.5,39.1,88.9,24,PG
Kendrick Perkins,1148,16.88235294,246,320,51,16,44.9,0,50.6,31,C
Kenneth Faried,2086,27.81333333,946,668,89,62,50.7,12.5,69.1,26,PF
Kent Bazemore,1324,17.65333333,390,222,78,52,42.6,36.4,60,26,SG
Kentavious Caldwell-Pope,2587,31.54878049,1043,255,109,93,40.1,34.5,69.6,22,SG
Kenyon Martin,104,9.454545455,20,19,5,5,40.9,0,100,38,PF
Kevin Durant,913,33.81481481,686,178,110,24,51,40.3,85.4,27,SF
Kevin Garnett,952,20.25531915,323,311,77,46,46.7,14.3,80,39,PF
Kevin Love,2532,33.76,1228,731,168,51,43.4,36.7,80.4,27,PF
Kevin Martin,1302,33.38461538,779,142,89,33,42.7,39.3,88.1,32,SG
Kevin Seraphin,1235,15.63291139,520,288,59,10,51.3,0,70.7,26,C
Khris Middleton,2378,30.10126582,1055,347,182,122,46.7,40.7,85.9,24,SF
Kirk Hinrich,1610,24.39393939,377,121,148,46,37.3,34.5,70,34,SG
KJ McDaniels,1352,21.80645161,487,200,72,44,39.6,28.7,75.2,22,SG
Klay Thompson,2455,31.88311688,1668,247,222,87,46.3,43.9,87.9,25,SG
Kobe Bryant,1207,34.48571429,782,199,197,47,37.3,29.3,81.3,37,SG
Kosta Koufos,1348,16.64197531,419,426,37,29,50.8,0,64.7,26,C
Kostas Papanikolaou,795,18.48837209,182,118,85,29,35,29.2,72.2,25,SF
Kris Humphries,1345,21.015625,509,416,57,34,47.3,0,74.4,30,PF
Kyle Anderson,358,10.84848485,74,72,28,15,34.8,27.3,64.3,22,SF
Kyle Korver,2418,32.24,911,304,196,52,48.7,49.2,89.8,34,SG
Kyle Lowry,2414,34.48571429,1244,328,473,109,41.2,33.8,80.8,29,PG
Kyle O'Quinn,824,16.15686275,294,199,59,31,49.2,27.9,77.2,25,PF
Kyle Singler,1744,21.8,480,194,85,47,38.6,39.8,76.9,27,SF
Kyrie Irving,2730,36.4,1628,237,389,114,46.8,41.5,86.3,23,PG
LaMarcus Aldridge,2512,35.38028169,1661,726,124,48,46.6,35.2,84.5,30,PF
Lance Stephenson,1573,25.78688525,501,277,240,38,37.6,17.1,62.7,25,SG
Lance Thomas,1491,24.0483871,443,195,69,37,41.2,31.8,72.7,,
Landry Fields,216,8.307692308,46,26,15,11,48.8,50,83.3,27,SF
Langston Galloway,1457,32.37777778,533,190,150,52,39.9,35.2,80.8,24,PG
Larry Drew II,219,18.25,46,15,45,6,34.5,15.4,66.7,25,PG
Larry Sanders,586,21.7037037,196,166,23,26,50,0,50,,
Lavoy Allen,1070,16.98412698,315,323,73,15,47.2,0,70.2,26,C
Leandro Barbosa,982,14.87878788,467,91,99,41,47.4,38.4,78.4,33,SG
LeBron James,2493,36.13043478,1743,416,511,109,48.8,35.4,71,31,SF
Lester Hudson,56,11.2,18,8,5,6,42.9,50,75,31,SG
Lorenzo Brown,549,18.93103448,122,70,90,28,42.6,21.4,63.2,25,PG
Lou Amundson,937,17.67924528,259,268,70,22,42.7,0,47.1,33,PF
Lou Williams,2016,25.2,1242,151,164,88,40.4,34,86.1,29,SG
Luc Mbah a Moute,1916,28.59701493,660,328,106,81,39.5,30.7,58.9,29,PF
Lucas Nogueira,23,3.833333333,6,11,1,2,25,0,50,23,C
Luis Scola,1659,20.48148148,763,526,105,47,46.7,25,69.9,35,PF
Luke Babbitt,830,13.17460317,256,111,24,17,47.9,51.3,68.4,26,SF
Luke Ridnour,683,14.53191489,188,68,96,20,42.6,31.7,85.7,34,PG
Luol Deng,2421,33.625,1007,376,139,65,46.9,35.5,76.1,30,SF
Malcolm Thomas,194,11.41176471,45,56,7,3,45,0,69.2,25,SG
Manu Ginobili,1587,22.67142857,738,211,293,67,42.6,34.5,72.1,38,SG
Marc Gasol,2687,33.17283951,1413,630,307,70,49.4,17.6,79.5,30,C
Marcin Gortat,2453,29.91463415,1001,717,97,49,56.6,0,70.3,31,C
Marco Belinelli,1388,22.38709677,568,157,94,31,42.3,37.4,84.8,29,SG
Marcus Morris,2045,25.24691358,845,385,133,63,43.4,35.8,62.8,26,PF
Marcus Smart,1808,26.98507463,523,222,208,99,36.7,33.5,64.6,21,PG
Marcus Thornton,721,15.02083333,380,86,36,27,40.6,37.8,82.1,,
Mario Chalmers,2368,29.6,813,206,307,122,40.3,29.4,77.4,29,PG
Markel Brown,781,16.61702128,216,107,39,31,36.2,26.6,82.5,23,SG
Markieff Morris,2581,31.47560976,1258,506,192,101,46.5,31.8,76.3,26,PF
Marreese Speights,1207,15.88157895,791,325,72,20,49.2,27.8,84.3,28,C
Martell Webster,352,11,106,46,17,7,26.4,23.3,75,,
Marvin Williams,2035,26.08974359,577,386,100,69,42.4,35.8,71.3,29,PF
Mason Plumlee,1743,21.25609756,717,512,74,65,57.3,0,49.5,25,C
Matt Barnes,2271,29.88157895,764,302,114,67,44.4,36.2,77.9,35,SF
Matt Bonner,935,12.98611111,264,115,47,10,40.9,36.5,81.1,35,PF
Matthew Dellavedova,1380,20.59701493,319,126,204,24,36.2,40.7,76.3,25,SG
Maurice Harkless,674,14.97777778,158,106,25,32,39.9,17.9,53.7,22,SF
Meyers Leonard,847,15.4,327,250,32,10,51,42,93.8,23,C
Michael Beasley,505,21.04166667,212,89,32,15,43.4,23.5,76.9,26,SF
Michael Carter-Williams,2150,32.57575758,966,353,442,111,39.6,23.5,69.4,24,PG
Michael Kidd-Gilchrist,1587,28.85454545,598,416,77,30,46.5,0,70.1,22,SF
Mike Conley,2225,31.78571429,1107,209,375,89,44.6,38.6,85.9,28,PG
Mike Dunleavy,1838,29.17460317,595,248,114,39,43.5,40.7,80.5,35,SF
Mike Miller,701,13.48076923,109,91,46,14,32.5,32.7,75,35,SF
Mike Muscala,502,12.55,197,119,25,16,55,40.9,88,24,PF
Mike Scott,1123,16.51470588,529,199,75,25,44.4,34.4,79.2,27,PF
Miles Plumlee,1194,16.35616438,294,320,34,41,53.5,0,47.8,27,C
Miroslav Raduljica,23,4.6,8,5,0,1,37.5,0,100,,
Mirza Teletovic,892,22.3,339,194,46,14,38.2,32.1,71.7,,
Mitch McGary,485,15.15625,201,165,14,16,53.3,0,62.5,23,PF
Mo Williams,1980,29.11764706,964,174,424,46,39.7,34.2,87.2,33,PG
Monta Ellis,2699,33.7375,1513,190,329,148,44.5,28.5,75.2,30,SG
Nate Robinson,591,14.07142857,238,50,97,20,34.5,27.7,67.4,,
Nate Wolters,247,11.76190476,42,34,21,8,35.1,0,33.3,,
Nazr Mohammed,128,5.565217391,27,38,3,4,43.3,0,33.3,38,C
Nene,1694,25.28358209,737,345,123,66,51.1,20,60.4,33,PF
Nerlens Noel,2311,30.81333333,744,611,128,133,46.2,0,60.9,21,C
Nick Calathes,838,14.44827586,243,106,146,63,42.1,25.6,53.3,26,SG
Nick Collison,1101,16.68181818,273,250,90,35,41.9,26.7,69.2,35,PF
Nick Johnson,262,9.357142857,74,39,11,7,34.7,23.8,68,23,SG
Nick Young,1000,23.80952381,563,96,41,23,36.6,36.9,89.2,,
Nicolas Batum,2380,33.52112676,664,416,341,78,40,32.4,85.7,27,SF
Nik Stauskas,1127,15.43835616,319,88,67,20,36.5,32.2,85.9,22,SG
Nikola Mirotic,1654,20.17073171,833,404,97,54,40.5,31.6,80.3,24,PF
Nikola Pekovic,815,26.29032258,386,234,27,19,42.4,0,83.7,,
Nikola Vucevic,2529,34.17567568,1428,810,147,54,52.3,33.3,75.2,25,C
Noah Vonleh,259,10.36,83,86,4,4,39.5,38.5,69.2,20,PF
Norris Cole,1831,24.41333333,573,159,255,57,41.2,31.3,71.6,27,PG
O.J. Mayo,1697,23.90140845,806,187,197,57,42.2,35.7,82.7,28,SG
Ognjen Kuzmic,72,4.5,20,17,6,2,66.7,0,100,25,C
Omer Asik,1982,26.07894737,557,748,72,29,51.7,0,58.2,29,C
Omri Casspi,1416,21.13432836,593,260,102,31,48.9,40.2,73.3,27,SF
Otto Porter Jr.,1432,19.35135135,445,221,65,44,45,33.7,73.4,22,SF
Pablo Prigioni,1197,17.86567164,274,119,171,79,39.9,34.3,85.4,38,PG
Patrick Beverley,1727,30.83928571,568,237,192,59,38.3,35.6,75,27,PG
Patrick Christopher,29,7.25,6,6,0,1,25,0,0,27,SG
Patrick Patterson,2156,26.61728395,648,433,155,60,44.9,37.1,78.8,,
Patty Mills,801,15.70588235,351,75,87,28,38.1,34.1,82.5,27,PG
Pau Gasol,2681,34.37179487,1446,919,210,25,49.4,46.2,80.3,35,PF
Paul George,91,15.16666667,53,22,6,5,36.7,40.9,72.7,25,SF
Paul Millsap,2390,32.73972603,1218,570,223,130,47.6,35.6,75.7,30,PF
Paul Pierce,1914,26.21917808,868,294,144,46,44.7,38.9,78.1,38,SF
Pero Antic,1037,16.46031746,356,189,49,18,36.5,30.1,71.5,33,PF
Perry Jones III,631,14.6744186,184,76,18,17,39.7,23.3,64.9,24,SF
Phil Pressey,600,12,177,80,117,30,36.8,24.6,67.3,24,PG
PJ Hairston,687,15.26666667,254,92,21,21,32.3,30.1,86.1,23,SG
PJ Tucker,2383,30.55128205,713,502,122,107,43.8,34.5,72.7,,
Quincy Acy,1287,18.92647059,398,301,68,27,45.9,30,78.4,25,PF
Quincy Miller,120,12,29,20,8,7,23.7,16.7,72.7,23,PF
Quincy Pondexter,1793,23.90666667,538,195,94,19,42.1,37.3,74,27,SF
Rajon Rondo,2019,29.69117647,608,373,538,91,42.6,31.4,39.7,29,PG
Ramon Sessions,1188,18.5625,402,144,182,29,37.4,31.7,76.9,29,PG
Randy Foye,1087,21.74,435,85,119,34,36.8,35.7,81.8,32,SG
Rasual Butler,1505,20.06666667,580,197,63,29,42.2,38.7,79.1,36,SF
Ray McCallum,1436,21.11764706,503,180,188,45,43.8,30.6,67.9,24,PG
Raymond Felton,281,9.689655172,108,26,41,11,40.6,29.4,80,31,PG
Reggie Bullock,338,9.388888889,69,50,8,10,34.3,32.6,66.7,24,SF
Reggie Evans,764,16.25531915,176,299,32,22,42.3,0,61.9,35,PF
Reggie Jackson,2268,29.45454545,1117,327,462,62,43.4,29.9,83,25,PG
Reggie Williams,105,5.25,37,17,10,1,38.5,15.8,100,,
Richard Jefferson,1244,16.81081081,432,183,61,32,44.4,42.6,68.4,35,SF
Ricky Ledo,244,14.35294118,90,36,19,6,33.3,37,72.7,,
Ricky Rubio,692,31.45454545,226,125,193,38,35.6,25.5,80.3,23,SG
Robbie Hummel,742,16.48888889,198,134,27,16,45.9,31.4,82.8,26,SF
Robert Covington,1956,27.94285714,943,316,105,97,39.6,37.4,82,25,SF
Robert Sacre,1133,16.91044776,307,233,55,28,41.2,0,67.1,,
Robin Lopez,1638,27.76271186,566,394,55,16,53.5,0,77.2,27,C
Rodney Hood,1064,21.28,433,117,83,30,41.4,36.5,76.3,23,SG
Rodney Stuckey,1874,26.3943662,896,248,219,56,44,39,81.9,29,PG
Ronnie Price,982,22.8372093,221,69,165,67,34.5,28.4,80,32,PG
Ronny Turiaf,19,9.5,0,1,2,0,0,0,0,,
Roy Hibbert,1926,25.34210526,802,540,84,18,44.6,0,82.4,29,C
Rudy Gay,2408,35.41176471,1432,399,250,71,45.5,35.9,85.8,29,SF
Rudy Gobert,2158,26.31707317,686,775,109,64,60.4,0,62.3,23,C
Russ Smith,65,5.416666667,30,6,8,3,32,18.2,92.3,24,PG
Russell Westbrook,2302,34.35820896,1886,488,574,140,42.6,29.9,83.5,,
Ryan Anderson,1675,27.45901639,833,295,55,33,39.9,34,85.4,27,PF
Ryan Hollins,441,9.586956522,137,103,14,6,64.6,0,57.4,31,C
Ryan Kelly,1233,23.71153846,332,146,92,30,33.7,33.6,83.2,24,PF
Samuel Dalembert,544,17,128,168,29,14,43.8,0,70,34,C
Sean Kilpatrick,72,18,22,6,4,3,35,30.8,100,25,SG
Sebastian Telfair,327,20.4375,134,30,45,10,36.8,30,70.6,,
Serge Ibaka,2116,33.0625,917,499,55,30,47.6,37.6,83.6,26,PF
Sergey Karasev,555,16.81818182,153,66,46,23,40.3,29.6,76.3,22,SG
Seth Curry,8,4,0,2,1,0,0,0,0,25,PG
Shabazz Muhammad,866,22.78947368,512,154,44,18,48.9,39.2,71.7,23,SG
Shabazz Napier,1012,19.84313725,261,113,130,40,38.2,36.4,78.6,,
Shane Larkin,1865,24.53947368,470,176,226,93,43.3,30.2,78.2,23,PG
Shannon Brown,89,17.8,20,1,3,4,36.8,42.9,75,30,SG
Shaun Livingston,1468,18.82051282,461,183,259,49,50,0,71.4,30,PG
Shavlik Randolph,126,6,24,38,4,5,25.7,0,50,32,PF
Shawn Marion,1101,19.31578947,276,202,51,27,44.6,26.1,76.5,37,SF
Shawne Williams,1087,17.25396825,341,166,44,25,40.3,36,87.5,24,PF
Shayne Whittington,108,5.4,57,29,6,5,45.2,16.7,78.3,,
Shelvin Mack,833,15.14545455,299,79,155,30,40.1,31.5,80.6,25,PG
Sim Bhullar,3,1,2,1,1,0,50,0,0,23,C
Solomon Hill,2381,29.03658537,729,314,184,66,39.6,32.7,82.4,24,SF
Spencer Dinwiddie,455,13.38235294,145,48,104,19,30.2,18.5,91.2,22,PG
Spencer Hawes,1274,17.45205479,425,258,88,24,39.3,31.3,64.7,27,PF
Stephen Curry,2613,32.6625,1900,341,619,163,48.7,44.3,91.4,27,PG
Steve Blake,1529,18.87654321,350,137,288,41,37.3,35.2,70.7,35,PG
Steve Novak,197,5.628571429,63,22,11,0,39.3,39.6,0,32,PF
Steven Adams,1771,25.3,537,523,66,38,54.4,0,50.2,22,C
Taj Gibson,1692,27.29032258,640,396,71,36,50.2,0,71.7,30,PF
Tarik Black,1195,18.96825397,379,368,42,19,57.5,0,55.1,24,C
Tayshaun Prince,1397,24.0862069,434,210,93,29,44,46.3,75.4,35,SF
Terrence Jones,889,26.93939394,386,220,36,18,52.8,35.1,60.6,23,PF
Terrence Ross,2092,25.51219512,807,226,86,53,41,37.2,78.6,24,SF
Thabo Sefolosha,976,18.76923077,278,223,75,53,41.8,32.1,77.6,31,SF
Thaddeus Young,2434,32.02631579,1071,411,173,124,46.6,33,65.5,,
Thomas Robinson,798,14.77777778,308,303,33,32,48.5,0,52.8,,
Tiago Splitter,1030,19.80769231,428,252,78,35,55.8,0,75,30,C
Tim Duncan,2227,28.92207792,1070,704,230,63,51.2,28.6,74,39,C
Tim Frazier,240,21.81818182,57,28,60,8,34.4,29.4,47.6,25,PG
Tim Hardaway Jr.,1681,24.01428571,804,156,127,20,38.9,34.2,80.1,23,SG
Timofey Mozgov,2046,25.25925926,785,591,55,33,55.5,33.3,71.8,29,C
TJ Warren,614,15.35,245,85,25,18,52.8,23.8,73.7,,
Tobias Harris,2369,34.83823529,1164,430,124,69,46.6,36.4,78.8,23,SF
Toney Douglas,177,14.75,51,22,24,11,37.3,27.8,61.5,29,SG
Tony Allen,1648,26.15873016,539,280,86,129,49.5,34.5,62.7,33,SG
Tony Parker,1953,28.72058824,976,129,335,44,48.6,42.7,78.3,33,PG
Tony Snell,1412,19.61111111,435,176,62,32,42.9,37.1,80,24,SF
Tony Wroten,895,29.83333333,507,86,157,48,40.3,26.1,66.7,,
Toure' Murry,18,3.6,6,1,1,1,40,0,100,26,SG
Travis Wear,672,13.17647059,199,106,40,15,40.2,36.7,76.9,,
Trevor Ariza,2930,35.73170732,1048,459,209,152,40.2,35,85.3,30,SF
Trevor Booker,1564,19.79746835,567,397,83,43,48.7,34.5,58.1,28,PF
Trey Burke,2288,30.10526316,973,204,328,65,36.8,31.8,75.2,23,PG
Tristan Thompson,2194,26.75609756,693,657,39,34,54.7,0,64.1,,
Troy Daniels,397,8.446808511,176,33,22,6,37,36.4,84.6,24,SG
Ty Lawson,2665,35.53333333,1143,234,720,92,43.6,34.1,73,28,PG
Tyler Ennis,411,12.45454545,121,35,73,18,36.1,27.9,71.4,21,PG
Tyler Hansbrough,1058,14.2972973,270,265,21,30,52.1,14.3,69.8,30,PF
Tyler Johnson,603,18.84375,190,81,42,33,41.9,37.5,68.1,23,SG
Tyler Zeller,1731,21.1097561,833,465,113,18,54.9,0,82.3,,
Tyreke Evans,2690,34.05063291,1313,416,521,100,44.7,30.4,69.4,26,SG
Tyrus Thomas,7,3.5,4,0,1,0,100,0,100,,
Tyson Chandler,2286,30.48,771,864,84,42,66.6,0,72,33,C
Udonis Haslem,995,16.0483871,261,258,46,21,44.8,20,70.3,35,PF
Vander Blue,74,37,22,9,8,3,30,20,40,23,SG
Victor Claver,76,7.6,24,20,1,1,45,54.5,0,27,SF
Victor Oladipo,2573,35.73611111,1292,302,295,120,43.6,33.9,81.9,23,SG
Vince Carter,1091,16.53030303,384,133,79,43,33.3,29.7,78.9,38,SG
Wayne Ellington,1675,25.76923077,650,210,105,33,41.2,37,81.3,28,SG
Wesley Johnson,2245,29.53947368,753,319,124,59,41.4,35.1,80.4,28,SF
Wesley Matthews,2024,33.73333333,956,222,139,77,44.8,38.9,75.2,29,SG
Will Barton,984,16.96551724,397,162,81,48,42.5,27.1,78.7,24,SG
Will Bynum,67,9.571428571,22,6,18,1,32.3,0,50,32,SG
Will Cherry,69,8.625,15,5,8,6,26.3,22.2,50,24,PG
Willie Green,951,18.28846154,306,79,68,26,38.6,34.7,82.4,34,SG
Wilson Chandler,2471,31.67948718,1085,475,134,58,42.9,34.2,77.5,28,SF
Xavier Henry,86,9.555555556,20,4,3,3,23.1,0,58.3,24,SF
Zach LaVine,1902,24.7012987,778,214,276,54,42.2,34.1,84.2,20,PG
Zach Randolph,2304,32.45070423,1143,747,153,69,48.7,35,76.5,34,PF
Zaza Pachulia,1730,23.69863014,606,500,178,80,45.4,0,78.8,31,C
Zoran Dragic,75,4.6875,28,8,5,2,36.7,21.4,60,26,SG
